id,first_name,last_name,gender,phone_number,email,email_personnal
1,Welsh,Moreinis,Male,+46 938 998 2717,wmoreinis0@wordpress.com,wmoreinis0@pen.io
2,Kalle,Darley,Male,+62 132 546 5279,kdarley1@toplist.cz,kdarley1@nps.gov
3,Isidro,Cleyburn,Male,,icleyburn2@unicef.org,icleyburn2@drupal.org
4,Dierdre,Tremblay,Female,+62 842 965 9592,dtremblay3@instagram.com,
5,Husein,Sheather,Male,+976 194 155 2748,hsheather4@un.org,hsheather4@wunderground.com
6,Natalie,McCarver,Female,,nmccarver5@redcross.org,nmccarver5@senate.gov
7,Madalena,Scothron,Female,+351 284 542 3208,mscothron6@scientificamerican.com,mscothron6@oracle.com
8,Granthem,Keemer,Male,+86 114 256 6875,gkeemer7@microsoft.com,gkeemer7@nationalgeographic.com
9,Clarine,Alton,Female,+62 991 541 5653,calton8@freewebs.com,calton8@jalbum.net
10,Salim,Clink,Male,+82 249 749 6306,sclink9@zimbio.com,sclink9@weebly.com
11,Abran,Helkin,Male,+46 560 748 2439,ahelkina@ocn.ne.jp,ahelkina@latimes.com
12,Sigrid,MacLachlan,Female,+504 576 352 0664,smaclachlanb@wired.com,smaclachlanb@utexas.edu
13,Gardie,Blomfield,Male,+86 607 883 9839,gblomfieldc@independent.co.uk,gblomfieldc@ameblo.jp
14,Mattias,Brunetti,Male,+57 884 281 0561,mbrunettid@usgs.gov,mbrunettid@free.fr
15,Allan,Clucas,Male,+46 985 274 7919,aclucase@printfriendly.com,aclucase@state.gov
16,Flory,Figiovanni,Male,+1 897 848 4773,ffigiovannif@sciencedirect.com,ffigiovannif@tripadvisor.com
17,Elton,Reynoldson,Male,,ereynoldsong@digg.com,
18,Rivi,Dickons,Agender,,rdickonsh@smh.com.au,rdickonsh@mtv.com
19,Hollyanne,Pounds,Female,+63 468 255 7071,hpoundsi@elpais.com,hpoundsi@comcast.net
20,Keelby,Freemantle,Male,+7 338 298 2691,kfreemantlej@weibo.com,kfreemantlej@state.tx.us
